{"stats":{"minecraft:custom":{"minecraft:interact_with_crafting_table":131,"minecraft:open_barrel":108,"goblintraders:trade_with_goblin":13,"minecraft:eat_cake_slice":2,"minecraft:leave_game":21,"minecraft:time_since_death":6218,"minecraft:damage_blocked_by_shield":10457,"minecraft:play_time":843724,"minecraft:deaths":68,"minecraft:jump":14777,"minecraft:interact_with_furnace":50,"minecraft:sleep_in_bed":29,"minecraft:waystone_activated":7,"minecraft:damage_dealt":56047,"tombstone:undead_killed":63,"minecraft:interact_with_smoker":1,"minecraft:inspect_dispenser":1,"minecraft:interact_with_smithing_table":1,"minecraft:interact_with_anvil":2,"minecraft:damage_dealt_absorbed":85,"minecraft:sneak_time":23745,"minecraft:interact_with_blast_furnace":22,"minecraft:total_world_time":843724,"tombstone:raider_killed":6,"minecraft:time_since_rest":1746,"minecraft:swim_one_cm":183706,"minecraft:fly_one_cm":3204266,"minecraft:open_chest":305,"minecraft:fall_one_cm":276530,"minecraft:damage_resisted":0,"minecraft:sprint_one_cm":2492109,"minecraft:drop":380,"minecraft:talked_to_villager":4,"minecraft:interact_with_brewingstand":3,"minecraft:walk_on_water_one_cm":185234,"minecraft:player_kills":1,"minecraft:crouch_one_cm":43047,"minecraft:mob_kills":271,"minecraft:damage_dealt_resisted":1695,"minecraft:climb_one_cm":50355,"minecraft:walk_one_cm":1412441,"minecraft:walk_under_water_one_cm":65427,"minecraft:damage_taken":33097,"minecraft:damage_absorbed":213,"minecraft:trigger_trapped_chest":2},"minecraft:mined":{"minecraft:dark_oak_planks":5,"minecraft:potted_crimson_fungus":1,"minecraft:light_blue_carpet":3,"minecraft:obsidian":19,"minecraft:granite":77,"minecraft:stone_brick_wall":1,"minecraft:coal_block":2,"minecraft:oxeye_daisy":1,"minecraft:spawner":1,"minecraft:polished_blackstone_bricks":55,"minecraft:tall_seagrass":1,"minecraft:magma_block":17,"minecraft:dark_oak_trapdoor":1,"minecraft:cobbled_deepslate":7,"minecraft:fire":58,"minecraft:barrel":1,"minecraft:deepslate_lapis_ore":6,"iceandfire:gold_pile":167,"minecraft:oak_stairs":1,"minecraft:pink_tulip":1,"minecraft:iron_block":14,"minecraft:orange_bed":1,"minecraft:powder_snow":21,"minecraft:torch":2,"minecraft:blast_furnace":1,"minecraft:dead_bush":1,"minecraft:sugar_cane":8,"minecraft:amethyst_block":15,"minecraft:wheat":278,"minecraft:stone_brick_stairs":2,"minecraft:grass":132,"minecraft:mangrove_log":3,"born_in_chaos_v1:infernal_evil_pumpkin_s":1,"minecraft:deepslate":900,"iceandfire:silver_ore":2,"minecraft:mossy_cobblestone":1,"minecraft:dark_oak_fence":4,"minecraft:spruce_fence":3,"born_in_chaos_v1:black_argillite":9,"bloomingnature:laterit":2,"iceandfire:deepslate_silver_ore":1,"minecraft:moss_block":2,"minecraft:snow":16,"minecraft:acacia_wood":1,"iceandfire:chared_gravel":12,"minecraft:andesite":30,"minecraft:rail":4,"minecraft:smithing_table":1,"minecraft:oak_slab":2,"minecraft:glass_pane":2,"minecraft:lily_of_the_valley":2,"iceandfire:frozen_gravel":4,"minecraft:cornflower":1,"minecraft:emerald_ore":2,"minecraft:tall_grass":131,"minecraft:copper_ore":19,"minecraft:diorite":57,"minecraft:warped_wart_block":2,"minecraft:stripped_spruce_wood":1,"minecraft:white_carpet":4,"minecraft:mangrove_leaves":5,"iceandfire:silver_pile":1,"minecraft:gravel":19,"minecraft:dripstone_block":17,"minecraft:cobweb":106,"minecraft:stone_bricks":4,"minecraft:gold_ore":1,"minecraft:fern":8,"minecraft:spruce_planks":36,"vinery:dark_cherry_leaves":7,"minecraft:cobblestone_stairs":1,"minecraft:brewing_stand":1,"minecraft:grass_block":24,"minecraft:cracked_polished_blackstone_bricks":37,"bloomingnature:fir_leaves":2,"bloomingnature:genisteae":2,"minecraft:polished_diorite":3,"minecraft:smooth_stone":3,"minecraft:iron_ore":57,"minecraft:anvil":1,"minecraft:dark_oak_stairs":3,"netherdungeons:shroomglight":1,"minecraft:pointed_dripstone":20,"minecraft:iron_bars":6,"graveyard:small_brown_urn":1,"minecraft:spruce_slab":4,"minecraft:green_bed":1,"minecraft:deepslate_redstone_ore":3,"minecraft:blackstone":54,"minecraft:melon_stem":1,"iceandfire:dragon_ice_spikes":38,"minecraft:calcite":1,"iceandfire:frozen_dirt":10,"minecraft:nether_quartz_ore":28,"minecraft:cobblestone":5,"minecraft:slime_block":2,"minecraft:oak_planks":25,"minecraft:iron_door":2,"minecraft:wall_torch":15,"minecraft:seagrass":1,"minecraft:dark_oak_slab":5,"minecraft:oak_log":2,"minecraft:dirt":72,"vinery:apple_leaves":3,"minecraft:tripwire_hook":2,"minecraft:netherrack":311,"minecraft:oak_leaves":6,"iceandfire:chared_stone":8,"minecraft:nether_gold_ore":27,"minecraft:crying_obsidian":1,"minecraft:red_carpet":1,"minecraft:tuff":29,"minecraft:deepslate_diamond_ore":1,"iceandfire:frozen_cobblestone":59,"born_in_chaos_v1:infected_diamond_ore":2,"iceandfire:frozen_stone":45,"minecraft:white_stained_glass":6,"iceandfire:chared_dirt":10,"minecraft:spruce_leaves":6,"iceandfire:dragon_ice":12,"minecraft:large_fern":19,"minecraft:hay_block":3,"minecraft:deepslate_brick_slab":2,"bloomingnature:forest_moss":1,"minecraft:furnace":2,"iceandfire:crackled_grass":2,"minecraft:stripped_spruce_log":2,"treechop:chopped_log":13,"bloomingnature:swamp_oak_leaves":13,"minecraft:bookshelf":60,"minecraft:deepslate_iron_ore":27,"minecraft:packed_ice":197,"bloomingnature:bluebell":1,"minecraft:stone":712,"minecraft:snow_block":74,"minecraft:stripped_dark_oak_log":3,"minecraft:basalt":2,"minecraft:crafting_table":12,"graveyard:tg_grass_block":1,"minecraft:spruce_stairs":2,"minecraft:sweet_berry_bush":9,"minecraft:ice":2,"minecraft:coal_ore":55,"minecraft:cyan_carpet":2,"graveyard:leaning_skeleton":2,"minecraft:gray_carpet":2,"minecraft:mossy_stone_bricks":1},"minecraft:crafted":{"useless_sword:magma_sword":1,"sophisticatedbackpacks:copper_backpack":1,"useless_sword:magma_rock":4,"iceandfire:armor_gray_boots":1,"minecraft:emerald":1,"minecraft:cooked_porkchop":3,"minecraft:copper_ingot":11,"minecraft:iron_pickaxe":7,"minecraft:iron_block":31,"minecraft:gold_ingot":295,"bloomingnature:aspen_planks":8,"useless_sword:gold_iron_alloy_ingot":4,"minecraft:stone_shovel":1,"useless_sword:alloy_sword":1,"minecraft:wheat":27,"sophisticatedbackpacks:gold_backpack":1,"handcrafted:hammer":1,"minecraft:iron_shovel":1,"minecraft:white_bed":5,"iceandfire:armor_bronze_leggings":1,"naturalist:cooked_duck":5,"minecraft:oak_planks":92,"iceandfire:armor_electric_chestplate":1,"minecraft:stone":2,"minecraft:iron_boots":1,"minecraft:chest":2,"minecraft:stone_hoe":1,"sophisticatedbackpacks:backpack":1,"minecraft:crafting_table":24,"minecraft:spruce_planks":84,"minecraft:baked_potato":38,"minecraft:iron_helmet":2,"minecraft:gold_block":36,"minecraft:birch_planks":40,"minecraft:iron_chestplate":2,"minecraft:shield":10,"sophisticatedbackpacks:diamond_backpack":1,"minecraft:stick":36,"minecraft:iron_ingot":177,"minecraft:snow_block":3,"iceandfire:armor_bronze_helmet":1,"artifacts:eternal_steak":1,"minecraft:raw_iron":72,"minecraft:leather_boots":1,"minecraft:furnace":7,"minecraft:flint_and_steel":2,"useless_sword:gold_ingot_and_iron_ingot":4,"minecraft:iron_axe":3,"minecraft:slime_ball":18,"sophisticatedbackpacks:iron_backpack":1,"minecraft:cooked_beef":18,"bloomingnature:fir_planks":44,"minecraft:mangrove_planks":8,"minecraft:bucket":2,"minecraft:air":0,"minecraft:bread":98,"minecraft:white_wool":12,"minecraft:anvil":1,"minecraft:acacia_planks":28,"minecraft:torch":72},"minecraft:dropped":{"minecraft:lapis_lazuli":40,"minecraft:cookie":5,"minecraft:dark_oak_slab":3,"minecraft:crossbow":1,"useless_sword:vex_ectoplasm":2,"useless_sword:magmatic_sword":1,"hmag:kobold_leather":2,"born_in_chaos_v1:pieceofdarkmetal":6,"born_in_chaos_v1:nightmare_claw":4,"minecraft:rail":1,"graveyard:corruption":14,"minecraft:red_carpet":6,"minecraft:item_frame":2,"minecraft:emerald":3,"minecraft:dirt":17,"minecraft:dark_oak_fence":2,"minecraft:stone_button":6,"irons_spellbooks:arcane_essence":2,"minecraft:chain":7,"minecraft:gold_nugget":8,"minecraft:bone_meal":60,"minecraft:iron_pickaxe":5,"minecraft:white_wool":3,"minecraft:bone":12,"bloomingnature:fir_sapling":1,"minecraft:cobbled_deepslate":297,"minecraft:birch_sapling":2,"minecraft:obsidian":9,"minecraft:rotten_flesh":21,"minecraft:oak_planks":2,"minecraft:salmon":4,"iceandfire:shiny_scales":1,"minecraft:tipped_arrow":3,"artifacts:umbrella":1,"apotheosis:gem":7,"minecraft:acacia_sapling":1,"minecraft:ladder":1,"minecraft:spruce_slab":6,"minecraft:wheat_seeds":226,"minecraft:dripstone_block":16,"minecraft:feather":1,"minecraft:iron_helmet":5,"minecraft:cobblestone":123,"minecraft:granite":27,"hmag:diamond_fragment":1,"born_in_chaos_v1:black_argillite":5,"iceandfire:copper_nugget":4,"minecraft:potion":1,"minecraft:smooth_stone":3,"minecraft:string":14,"iceandfire:dragon_skull_fire":1,"minecraft:spruce_sapling":3,"iceandfire:silver_nugget":28,"hmag:soul_powder":2,"minecraft:cobblestone_wall":15,"minecraft:bowl":1,"born_in_chaos_v1:rotten_fish":1,"minecraft:iron_boots":2,"iceandfire:dragon_skull_ice":2,"iceandfire:dragon_ice":6,"bloomingnature:fir_log":1,"minecraft:flower_pot":2,"minecraft:spruce_trapdoor":5,"minecraft:spruce_planks":46,"minecraft:stone_bricks":16,"handcrafted:hammer":1,"iceandfire:dragon_skull_lightning":1,"minecraft:dark_oak_stairs":1,"minecraft:oak_log":6,"minecraft:ender_pearl":12,"iceandfire:chared_dirt":9,"minecraft:lantern":2,"minecraft:mangrove_planks":2,"minecraft:flint":5,"minecraft:cracked_polished_blackstone_bricks":52,"minecraft:cornflower":1,"iceandfire:chared_gravel":24,"minecraft:snowball":24,"iceandfire:ash":7,"minecraft:polished_blackstone_bricks":21,"minecraft:gold_ingot":28,"minecraft:gravel":44,"minecraft:blackstone":13,"born_in_chaos_v1:fire_dust":2,"minecraft:cooked_mutton":3,"born_in_chaos_v1:seedof_chaos":4,"minecraft:mangrove_log":1,"minecraft:gunpowder":1,"minecraft:skeleton_skull":1,"born_in_chaos_v1:corpse_maggot":12,"bloomingnature:aspen_log":2,"minecraft:stone_brick_wall":2,"minecraft:iron_bars":6,"minecraft:netherrack":197,"bloomingnature:fir_planks":12,"minecraft:bread":23,"minecraft:oak_slab":1,"minecraft:mangrove_propagule":4,"iceandfire:frozen_gravel":3,"minecraft:amethyst_block":10,"minecraft:copper_ingot":6,"minecraft:stick":14,"born_in_chaos_v1:river_mint":6,"minecraft:diorite":2,"bloomingnature:swamp_oak_log":1,"minecraft:torch":6,"tombstone:grave_key":2,"alexsmobs:dropbear_claw":2,"bloomingnature:swamp_oak_sapling":5,"tombstone:grave_dust":2,"minecraft:iron_axe":5,"iceandfire:dragonbone":5,"minecraft:polished_diorite":1,"minecraft:raw_iron":1,"hmag:evil_arrow":4,"minecraft:stripped_oak_log":3,"born_in_chaos_v1:spiritual_dust":5,"minecraft:flint_and_steel":1,"netherdungeons:shroomglight":1,"minecraft:iron_chestplate":3,"minecraft:andesite":8,"minecraft:oak_sapling":12,"minecraft:spruce_log":11,"minecraft:raw_gold":2,"minecraft:calcite":10},"minecraft:killed_by":{"born_in_chaos_v1:nightmare_stalker":2,"minecraft:piglin_brute":4,"hmag:drowned_girl":2,"graveyard:acolyte":3,"born_in_chaos_v1:supreme_bonescaller_not_despawn":1,"born_in_chaos_v1:scarlet_persecutor":1,"minecraft:vex":1,"minecraft:husk":1,"born_in_chaos_v1:lifestealer_true_form":1,"minecraft:stray":2,"irons_spellbooks:apothecarist":2,"minecraft:wither_skeleton":2,"born_in_chaos_v1:bone_imp_minion":1,"hmag:creeper_girl":1,"iceandfire:stymphalian_bird":1,"born_in_chaos_v1:diamond_termite":1,"iceandfire:ice_dragon":10,"iceandfire:fire_dragon":16,"minecraft:spider":1,"born_in_chaos_v1:fallen_chaos_knight":1,"irons_spellbooks:necromancer":2,"minecraft:skeleton":2,"irons_spellbooks:archevoker":2},"minecraft:broken":{"minecraft:iron_boots":4,"minecraft:iron_chestplate":2,"useless_sword:coal_sword":1,"minecraft:diamond_leggings":1,"useless_sword:cactus_sword":1,"minecraft:shield":9,"minecraft:iron_pickaxe":5,"minecraft:iron_helmet":3,"useless_sword:magmatic_sword":1,"minecraft:golden_chestplate":2,"minecraft:leather_boots":2},"minecraft:used":{"minecraft:spruce_slab":1,"minecraft:chest":1,"minecraft:rotten_flesh":2,"minecraft:snowball":17,"born_in_chaos_v1:smoked_flesh":5,"minecraft:lava_bucket":7,"born_in_chaos_v1:mint_candy":2,"mowziesmobs:umvuthana_mask_rage":5,"minecraft:bow":62,"iceandfire:chared_stone":2,"minecraft:sweet_berries":24,"useless_sword:magma_sword":253,"minecraft:furnace":9,"iceandfire:frozen_cobblestone":40,"bloomingnature:fir_planks":29,"useless_sword:coal_sword":212,"artifacts:eternal_steak":18,"minecraft:cookie":5,"minecraft:golden_apple":7,"useless_sword:valhalla_sword":919,"minecraft:stone_button":1,"minecraft:cyan_carpet":1,"minecraft:fire_charge":2,"minecraft:dark_oak_fence":1,"useless_sword:alloy_sword":99,"born_in_chaos_v1:ethereal_spirit":10,"minecraft:netherrack":117,"minecraft:orange_bed":1,"minecraft:torch":64,"minecraft:anvil":1,"minecraft:iron_block":6,"minecraft:iron_axe":275,"iceandfire:dragon_ice":4,"minecraft:barrel":1,"artifacts:everlasting_beef":26,"minecraft:beef":5,"tombstone:gift":6,"minecraft:acacia_wood":1,"minecraft:acacia_planks":13,"minecraft:cobbled_deepslate":207,"minecraft:wheat_seeds":4,"minecraft:water_bucket":30,"minecraft:birch_planks":4,"useless_sword:magmatic_sword":290,"minecraft:oak_slab":2,"minecraft:crafting_table":35,"minecraft:white_bed":5,"minecraft:cake":1,"minecraft:spruce_log":4,"minecraft:diamond_pickaxe":1325,"minecraft:mangrove_propagule":1,"minecraft:iron_pickaxe":1938,"tombstone:magic_scroll":1,"useless_sword:charged_sword":138,"minecraft:cobblestone":13,"minecraft:cooked_porkchop":3,"minecraft:iron_shovel":137,"minecraft:shield":790,"minecraft:iron_sword":14,"minecraft:iron_chestplate":2,"artifacts:umbrella":3,"minecraft:carrot":64,"iceandfire:frozen_stone":15,"minecraft:obsidian":14,"sophisticatedbackpacks:diamond_backpack":1,"minecraft:iron_helmet":1,"minecraft:item_frame":2,"iceandfire:armor_bronze_helmet":4,"useless_sword:frozen_sword":435,"hmag:cooked_ravager_meat":6,"minecraft:mushroom_stew":4,"minecraft:stone_brick_wall":1,"waystones:waystone":3,"minecraft:cyan_bed":1,"minecraft:bread":146,"naturalist:cooked_duck":5,"useless_sword:cactus_sword":39,"minecraft:andesite":11,"minecraft:experience_bottle":1,"minecraft:flint_and_steel":3,"minecraft:stone_shovel":7,"minecraft:spruce_planks":37,"minecraft:stone_hoe":3,"minecraft:dirt":52,"minecraft:spruce_stairs":1,"minecraft:iron_boots":1,"minecraft:golden_carrot":5,"minecraft:cooked_beef":18,"minecraft:cooked_mutton":1,"minecraft:snow_block":3,"minecraft:baked_potato":38,"minecraft:green_bed":1,"bloomingnature:laterit":2,"hmag:spectral_soup":2,"bloomingnature:bluebell":1,"minecraft:apple":7,"iceandfire:ash":1,"minecraft:bucket":39,"minecraft:pumpkin_pie":8},"minecraft:killed":{"minecraft:cave_spider":3,"born_in_chaos_v1:restless_spirit":3,"born_in_chaos_v1:door_knight_not_despawn":1,"realmrpg_demons:imp":2,"realmrpg_demons:imp_guard":2,"iceandfire:stymphalian_bird":4,"minecraft:skeleton":16,"irons_spellbooks:apothecarist":1,"graveyard:acolyte":14,"born_in_chaos_v1:skeleton_thrasher":1,"born_in_chaos_v1:bone_imp":1,"minecraft:pillager":3,"irons_spellbooks:summoned_vex":1,"minecraft:zombie":27,"born_in_chaos_v1:corpse_fly":15,"hmag:melty_monster":1,"hmag:ogre":1,"iceandfire:lightning_dragon":1,"born_in_chaos_v1:door_knight":1,"minecraft:cow":5,"mca:male_zombie_villager":1,"minecraft:vindicator":3,"hmag:skeleton_girl":4,"naturalist:duck":5,"born_in_chaos_v1:firelight":3,"hmag:zombie_girl":1,"born_in_chaos_v1:barrel_zombie":1,"minecraft:husk":2,"born_in_chaos_v1:bone_imp_minion":20,"born_in_chaos_v1:decrepit_skeleton":2,"iceandfire:ghost":1,"minecraft:zombified_piglin":1,"graveyard:skeleton_creeper":1,"minecraft:spider":4,"realmrpg_demons:chort":2,"realmrpg_demons:demon":1,"irons_spellbooks:summoned_skeleton":1,"minecraft:piglin_brute":1,"born_in_chaos_v1:firelight_not_despawn":1,"born_in_chaos_v1:diamond_termite":4,"hmag:wither_ghost":4,"minecraft:creeper":1,"minecraft:sheep":5,"born_in_chaos_v1:dread_hound":2,"minecraft:stray":5,"minecraft:ghast":1,"alexsmobs:dropbear":1,"minecraft:vex":2,"graveyard:revenant":1,"born_in_chaos_v1:maggot":12,"iceandfire:fire_dragon":3,"naturalist:bass":1,"hmag:ghost":4,"born_in_chaos_v1:baby_skeleton":2,"born_in_chaos_v1:swarmer":2,"mowziesmobs:umvuthana_follower_raptor":1,"born_in_chaos_v1:bonescaller_not_despawn":1,"born_in_chaos_v1:nightmare_stalker":1,"minecraft:wither_skeleton":1},"minecraft:picked_up":{"minecraft:iron_chestplate":2,"minecraft:birch_door":1,"minecraft:flower_pot":3,"minecraft:anvil":1,"minecraft:smithing_table":1,"minecraft:lead":2,"minecraft:oak_stairs":1,"minecraft:enchanted_book":2,"minecraft:brewing_stand":1,"minecraft:amethyst_block":10,"minecraft:dark_oak_trapdoor":1,"minecraft:string":140,"minecraft:diamond_leggings":2,"minecraft:gold_nugget":1841,"minecraft:cobbled_deepslate":635,"minecraft:spruce_planks":59,"minecraft:coal_block":2,"minecraft:mangrove_log":3,"born_in_chaos_v1:shattered_skull":1,"minecraft:green_bed":1,"minecraft:acacia_log":7,"iceandfire:lightning_dragon_flesh":6,"minecraft:orange_bed":1,"iceandfire:fire_dragon_heart":3,"minecraft:iron_block":14,"minecraft:iron_bars":6,"minecraft:snowball":69,"minecraft:birch_log":10,"minecraft:magma_block":8,"minecraft:feather":2,"born_in_chaos_v1:spiritual_dust":5,"minecraft:iron_door":1,"minecraft:water_bucket":1,"minecraft:jungle_log":1,"minecraft:flint":9,"minecraft:stripped_spruce_wood":1,"bloomingnature:fir_sapling":1,"minecraft:lantern":5,"iceandfire:dragon_skull_fire":3,"iceandfire:shiny_scales":1,"minecraft:stripped_spruce_log":2,"iceandfire:stymphalian_bird_feather":28,"iceandfire:lightning_dragon_heart":1,"minecraft:red_terracotta":3,"minecraft:barrel":1,"naturalist:duck_egg":3,"minecraft:writable_book":1,"minecraft:granite":54,"minecraft:bread":4,"born_in_chaos_v1:rotten_fish":1,"minecraft:dark_oak_fence":3,"minecraft:diamond_pickaxe":1,"iceandfire:dragon_skull_lightning":2,"minecraft:crafting_table":12,"minecraft:leather_leggings":2,"born_in_chaos_v1:seedof_chaos":4,"hmag:cooked_ravager_meat":6,"minecraft:cornflower":2,"alexsmobs:pigshoes":1,"minecraft:beef":24,"minecraft:poppy":2,"minecraft:spruce_slab":8,"iceandfire:dragonscales_electric":12,"minecraft:birch_sapling":2,"naturalist:duck":5,"bloomingnature:fir_log":12,"minecraft:fire_charge":5,"minecraft:cake":1,"born_in_chaos_v1:pieceofdarkmetal":6,"minecraft:carrot":20,"minecraft:redstone":4,"minecraft:prismarine_crystals":6,"iceandfire:dragon_skull_ice":2,"useless_sword:magmatic_sword":2,"minecraft:diamond_chestplate":1,"minecraft:hay_block":3,"minecraft:gold_ingot":9,"minecraft:mutton":3,"minecraft:white_wool":6,"minecraft:rail":1,"minecraft:stripped_oak_log":7,"bloomingnature:laterit":13,"minecraft:tripwire_hook":2,"minecraft:acacia_wood":2,"minecraft:oak_log":32,"minecraft:paper":3,"tombstone:gift":1,"minecraft:apple":4,"minecraft:stone_bricks":19,"mowziesmobs:umvuthana_mask_rage":1,"minecraft:mangrove_planks":2,"minecraft:dark_oak_stairs":1,"iceandfire:chared_stone":2,"iceandfire:copper_nugget":48,"minecraft:dark_oak_slab":8,"minecraft:sweet_berries":23,"born_in_chaos_v1:orbofthe_summoner":1,"born_in_chaos_v1:ethereal_spirit":8,"minecraft:gravel":63,"minecraft:spruce_sapling":5,"minecraft:spruce_log":33,"minecraft:crying_obsidian":6,"minecraft:leather_helmet":2,"iceandfire:dragonscales_copper":17,"minecraft:slime_ball":4,"irons_spellbooks:magehunter":1,"minecraft:polished_diorite":1,"bloomingnature:fir_planks":27,"minecraft:light_blue_carpet":3,"minecraft:diamond_axe":1,"minecraft:mangrove_propagule":5,"minecraft:ender_pearl":1,"irons_spellbooks:scroll":1,"minecraft:wheat":288,"artifacts:umbrella":1,"minecraft:potion":2,"minecraft:nether_brick":11,"tombstone:grave_key":1,"born_in_chaos_v1:black_argillite":10,"minecraft:raw_copper":122,"irons_spellbooks:nature_rune":1,"minecraft:iron_leggings":1,"minecraft:armor_stand":2,"minecraft:experience_bottle":6,"alexsmobs:dropbear_claw":2,"irons_spellbooks:arcane_essence":4,"minecraft:smooth_stone":3,"minecraft:calcite":10,"minecraft:iron_pickaxe":3,"iceandfire:frozen_gravel":3,"bloomingnature:aspen_log":2,"iceandfire:dragonscales_red":9,"minecraft:iron_boots":4,"minecraft:furnace":2,"minecraft:tipped_arrow":4,"minecraft:stick":42,"apotheosis:gem":13,"minecraft:torch":25,"minecraft:spruce_stairs":1,"minecraft:porkchop":5,"iceandfire:crackled_gravel":4,"minecraft:pointed_dripstone":151,"tombstone:grave_dust":7,"minecraft:diorite":2,"born_in_chaos_v1:nightmare_claw":4,"minecraft:rotten_flesh":55,"netherdungeons:shroomglight":1,"iceandfire:crackled_grass":2,"minecraft:obsidian":30,"minecraft:cobblestone":332,"minecraft:leather_chestplate":2,"minecraft:andesite":27,"minecraft:golden_leggings":1,"minecraft:tuff":5,"minecraft:dirt":94,"minecraft:lapis_lazuli":78,"iceandfire:dragonscales_bronze":17,"hmag:evil_crystal_fragment":1,"minecraft:leather_boots":3,"minecraft:bone":50,"bloomingnature:bluebell":2,"minecraft:wheat_seeds":323,"minecraft:deepslate_brick_slab":2,"minecraft:raw_gold":2,"minecraft:mossy_stone_bricks":1,"minecraft:bamboo":1,"minecraft:oak_planks":24,"hmag:soul_powder":9,"graveyard:bone_dagger":1,"minecraft:cyan_bed":1,"hmag:kobold_leather":2,"minecraft:spectral_arrow":19,"iceandfire:frozen_dirt":2,"minecraft:mossy_cobblestone":1,"born_in_chaos_v1:fire_dust":4,"minecraft:diamond":43,"minecraft:slime_block":2,"bloomingnature:swamp_oak_log":1,"minecraft:soul_lantern":1,"waystones:waystone":3,"minecraft:golden_apple":1,"iceandfire:dragon_ice":10,"minecraft:cracked_polished_blackstone_bricks":52,"minecraft:crossbow":1,"minecraft:bone_meal":61,"minecraft:spruce_sign":3,"minecraft:emerald":15,"minecraft:oak_sapling":16,"minecraft:netherrack":418,"iceandfire:silver_nugget":28,"born_in_chaos_v1:diamond_termite_shard":4,"born_in_chaos_v1:river_mint":6,"minecraft:chicken":1,"minecraft:ladder":1,"minecraft:stone_brick_wall":3,"iceandfire:frozen_cobblestone":55,"iceandfire:frozen_stone":15,"minecraft:iron_axe":6,"minecraft:item_frame":7,"minecraft:cyan_carpet":2,"minecraft:blackstone":18,"graveyard:corruption":14,"minecraft:sugar_cane":54,"minecraft:spruce_trapdoor":5,"iceandfire:ice_dragon_heart":1,"minecraft:raw_iron":82,"iceandfire:dragonscales_gray":4,"iceandfire:dragonbone":86,"minecraft:copper_ingot":3,"minecraft:polished_blackstone_bricks":21,"useless_sword:enderman_sword":1,"minecraft:stone_button":7,"minecraft:cookie":5,"minecraft:trident":2,"minecraft:dark_oak_planks":1,"minecraft:arrow":22,"iceandfire:chared_dirt":9,"minecraft:pink_tulip":1,"minecraft:glistering_melon_slice":2,"minecraft:skeleton_skull":1,"born_in_chaos_v1:corpse_maggot":15,"minecraft:glow_ink_sac":8,"minecraft:salmon":4,"minecraft:leather":19,"minecraft:mushroom_stew":2,"bloomingnature:genisteae":1,"minecraft:gunpowder":1,"minecraft:cobblestone_wall":16,"minecraft:cobblestone_stairs":1,"irons_spellbooks:rare_ink":2,"minecraft:cooked_mutton":4,"minecraft:red_carpet":21,"bloomingnature:swamp_oak_sapling":5,"minecraft:iron_ingot":48,"iceandfire:fire_dragon_flesh":10,"mowziesmobs:umvuthana_mask_misery":1,"minecraft:acacia_sapling":1,"minecraft:soul_sand":6,"minecraft:book":185,"minecraft:oak_slab":3,"iceandfire:ash":8,"minecraft:quartz":16,"minecraft:dripstone_block":76,"minecraft:lava_bucket":1,"minecraft:amethyst_shard":2,"minecraft:blast_furnace":1,"useless_sword:vex_ectoplasm":5,"minecraft:iron_helmet":3,"tombstone:magic_scroll":3,"minecraft:coal":126,"iceandfire:chared_gravel":24}},"DataVersion":3465}