{"stats":{"minecraft:custom":{"minecraft:interact_with_crafting_table":68,"minecraft:open_barrel":57,"minecraft:eat_cake_slice":2,"minecraft:leave_game":18,"minecraft:time_since_death":1194,"minecraft:damage_resisted":337,"minecraft:sprint_one_cm":2277914,"minecraft:damage_blocked_by_shield":2635,"minecraft:drop":497,"minecraft:talked_to_villager":2,"minecraft:play_time":784289,"minecraft:deaths":96,"minecraft:jump":17207,"minecraft:interact_with_brewingstand":9,"minecraft:walk_on_water_one_cm":173527,"minecraft:interact_with_furnace":54,"minecraft:sleep_in_bed":12,"minecraft:waystone_activated":2,"minecraft:damage_dealt":51980,"minecraft:crouch_one_cm":183736,"tombstone:undead_killed":50,"minecraft:use_cauldron":1,"minecraft:mob_kills":209,"minecraft:interact_with_campfire":3,"minecraft:damage_dealt_resisted":2891,"minecraft:climb_one_cm":31914,"minecraft:walk_one_cm":1946095,"minecraft:damage_dealt_absorbed":15,"minecraft:sneak_time":47535,"minecraft:walk_under_water_one_cm":71290,"minecraft:boat_one_cm":125145,"minecraft:interact_with_lectern":1,"minecraft:interact_with_blast_furnace":4,"minecraft:total_world_time":784289,"tombstone:raider_killed":10,"minecraft:tune_noteblock":1,"minecraft:time_since_rest":1,"minecraft:damage_absorbed":40,"minecraft:damage_taken":36545,"minecraft:trigger_trapped_chest":3,"minecraft:swim_one_cm":226335,"minecraft:fly_one_cm":3589518,"minecraft:open_chest":244,"minecraft:fall_one_cm":421919},"minecraft:mined":{"minecraft:waxed_cut_copper_slab":4,"minecraft:large_amethyst_bud":2,"minecraft:white_bed":5,"vinery:dark_cherry_leaves":2,"blue_skies:moonstone":1,"minecraft:obsidian":7,"minecraft:granite":24,"minecraft:budding_amethyst":1,"minecraft:grass_block":38,"minecraft:cracked_polished_blackstone_bricks":5,"bloomingnature:fir_leaves":3,"minecraft:weeping_vines_plant":1,"minecraft:polished_blackstone_bricks":15,"minecraft:magma_block":28,"minecraft:iron_ore":2,"minecraft:fire":6,"minecraft:cobbled_deepslate":8,"minecraft:deepslate_lapis_ore":4,"minecraft:stripped_dark_oak_wood":1,"minecraft:dark_oak_stairs":1,"netherdungeons:shroomglight":1,"minecraft:pointed_dripstone":2,"minecraft:iron_bars":2,"minecraft:small_amethyst_bud":1,"minecraft:azalea_leaves":1,"minecraft:stripped_mangrove_wood":1,"minecraft:iron_block":1,"minecraft:spruce_slab":2,"minecraft:deepslate_redstone_ore":4,"minecraft:blackstone":43,"minecraft:medium_amethyst_bud":3,"minecraft:amethyst_cluster":1,"minecraft:torch":2,"iceandfire:dragon_ice_spikes":4,"minecraft:powder_snow":188,"born_in_chaos_v1:infected_deepslate_diamond_ore":2,"bloomingnature:tall_lupine_blue":3,"minecraft:cobblestone":17,"minecraft:cyan_bed":2,"minecraft:oak_planks":11,"minecraft:wall_torch":1,"minecraft:amethyst_block":9,"minecraft:seagrass":1,"minecraft:warped_nylium":1,"minecraft:wheat":13,"minecraft:tnt":1,"minecraft:black_bed":1,"minecraft:grass":77,"minecraft:oak_log":1,"bloomingnature:tall_lupine_purple":1,"minecraft:dirt":60,"minecraft:smooth_basalt":1,"minecraft:oak_leaves":2,"born_in_chaos_v1:infernal_evil_pumpkin_s":1,"minecraft:deepslate":995,"minecraft:netherrack":265,"minecraft:dark_prismarine":4,"minecraft:tuff":108,"minecraft:red_carpet":2,"minecraft:deepslate_diamond_ore":92,"iceandfire:frozen_cobblestone":14,"born_in_chaos_v1:infected_diamond_ore":2,"born_in_chaos_v1:black_argillite_brick_wall":1,"minecraft:dark_oak_fence":1,"minecraft:spruce_fence":3,"iceandfire:frozen_stone":12,"minecraft:crimson_roots":1,"minecraft:brick_stairs":1,"minecraft:birch_slab":2,"minecraft:spruce_leaves":15,"minecraft:rooted_dirt":1,"minecraft:large_fern":24,"minecraft:black_stained_glass_pane":2,"minecraft:hay_block":21,"farmersdelight:wild_onions":1,"bloomingnature:forest_moss":1,"minecraft:packed_mud":3,"minecraft:carrots":5,"minecraft:andesite":1,"treechop:chopped_log":8,"minecraft:bookshelf":10,"minecraft:potatoes":61,"minecraft:deepslate_iron_ore":11,"minecraft:lantern":1,"minecraft:packed_ice":125,"minecraft:stone":168,"minecraft:cake":1,"minecraft:podzol":1,"minecraft:glass_pane":1,"minecraft:stripped_dark_oak_log":1,"minecraft:basalt":2,"minecraft:smooth_sandstone":1,"minecraft:crafting_table":1,"minecraft:sculk_sensor":1,"bloomingnature:foxglove_white":1,"minecraft:tall_grass":66,"minecraft:diorite":11,"minecraft:warped_wart_block":1,"bloomingnature:fir_planks":3,"minecraft:cobblestone_wall":1,"minecraft:sweet_berry_bush":37,"minecraft:ice":7,"iceandfire:ash":3,"minecraft:yellow_bed":1,"minecraft:coal_ore":12,"minecraft:cyan_carpet":17,"minecraft:gravel":23,"minecraft:dripstone_block":5,"minecraft:gray_carpet":4,"minecraft:cobweb":6,"minecraft:cracked_stone_bricks":1,"minecraft:stone_bricks":4,"minecraft:infested_stone":2,"minecraft:fern":8},"minecraft:dropped":{"minecraft:oak_log":1,"minecraft:baked_potato":1,"minecraft:glass_bottle":1,"minecraft:diamond":46,"vinery:white_grape_seeds":3,"minecraft:lantern":1,"minecraft:dark_oak_button":1,"minecraft:cracked_stone_bricks":1,"born_in_chaos_v1:pieceofdarkmetal":2,"minecraft:item_frame":1,"minecraft:red_carpet":2,"minecraft:emerald":4,"minecraft:cracked_polished_blackstone_bricks":27,"minecraft:dirt":35,"minecraft:dark_oak_fence":3,"minecraft:stone_button":3,"minecraft:cornflower":3,"bloomingnature:chestnut_sapling":19,"minecraft:crimson_roots":1,"farmersdelight:sweet_berry_cookie":5,"minecraft:stripped_dark_oak_wood":1,"minecraft:snowball":16,"minecraft:gold_nugget":11,"minecraft:pumpkin_pie":2,"minecraft:bone_meal":60,"iceandfire:ash":2,"minecraft:iron_pickaxe":1,"minecraft:white_wool":8,"minecraft:cyan_carpet":22,"minecraft:bone":2,"minecraft:gravel":46,"minecraft:crimson_fungus":4,"minecraft:blackstone":13,"minecraft:sugar_cane":5,"bloomingnature:fir_sapling":10,"born_in_chaos_v1:fire_dust":5,"minecraft:cobbled_deepslate":459,"minecraft:stripped_dark_oak_log":1,"minecraft:wheat":11,"minecraft:obsidian":1,"tombstone:gift":1,"minecraft:rotten_flesh":8,"minecraft:oak_planks":70,"iceandfire:frozen_stone":10,"minecraft:glowstone_dust":1,"minecraft:carrot":20,"minecraft:chainmail_chestplate":1,"born_in_chaos_v1:corpse_maggot":7,"apotheosis:gem":1,"born_in_chaos_v1:diamond_termite_shard":4,"minecraft:ladder":2,"minecraft:spruce_slab":3,"minecraft:netherrack":2,"born_in_chaos_v1:dark_rod":1,"bloomingnature:fir_planks":22,"minecraft:golden_boots":1,"minecraft:iron_ingot":20,"minecraft:bread":4,"minecraft:wheat_seeds":78,"minecraft:dripstone_block":5,"minecraft:poisonous_potato":1,"minecraft:feather":2,"minecraft:lead":1,"minecraft:cobblestone":109,"ars_nouveau:purple_archwood_log":1,"minecraft:coal":2,"minecraft:stick":21,"minecraft:diorite":38,"iceandfire:silver_sword":2,"tombstone:grave_key":11,"born_in_chaos_v1:stimulating_decoction":1,"tombstone:grave_dust":7,"minecraft:potion":1,"minecraft:iron_leggings":1,"minecraft:iron_axe":1,"minecraft:smooth_sandstone":1,"minecraft:chainmail_leggings":2,"minecraft:string":2,"irons_spellbooks:frozen_bone":54,"minecraft:gray_carpet":2,"minecraft:spruce_sapling":7,"iceandfire:frozen_cobblestone":3,"iceandfire:silver_nugget":6,"minecraft:raw_copper":21,"minecraft:bowl":5,"minecraft:raw_iron":1,"born_in_chaos_v1:rotten_fish":1,"hmag:evil_arrow":8,"minecraft:iron_boots":2,"minecraft:spruce_fence":4,"minecraft:lily_of_the_valley":4,"minecraft:filled_map":1,"minecraft:potato":1,"minecraft:stone":2,"minecraft:shield":1,"minecraft:allium":2,"minecraft:oak_sapling":14,"minecraft:stone_bricks":2,"handcrafted:hammer":1,"iceandfire:fire_dragon_heart":1,"minecraft:black_wool":1},"minecraft:crafted":{"minecraft:oak_planks":236,"useless_sword:magma_sword":1,"useless_sword:magmatic_sword":1,"minecraft:stone":11,"minecraft:cooked_mutton":5,"iceandfire:armor_green_helmet":1,"useless_sword:magma_rock":14,"minecraft:chest":3,"sophisticatedbackpacks:backpack":1,"minecraft:cooked_porkchop":3,"minecraft:crafting_table":10,"minecraft:wooden_pickaxe":1,"minecraft:baked_potato":88,"useless_sword:magmatic_rock":16,"minecraft:copper_ingot":4,"iceandfire:armor_green_chestplate":1,"minecraft:diamond_pickaxe":1,"minecraft:shield":1,"sophisticatedbackpacks:diamond_backpack":1,"minecraft:stick":56,"minecraft:iron_ingot":18,"minecraft:snow_block":5,"bloomingnature:fir_boat":1,"minecraft:gold_ingot":15,"bloomingnature:chestnut_planks":68,"iceandfire:armor_green_leggings":1,"minecraft:furnace":3,"minecraft:bone_meal":64,"minecraft:stone_pickaxe":1,"useless_sword:amethyst_sword":1,"minecraft:wheat":172,"sophisticatedbackpacks:iron_backpack":1,"minecraft:cooked_beef":6,"bloomingnature:fir_planks":156,"minecraft:iron_sword":2,"sophisticatedbackpacks:gold_backpack":1,"minecraft:bucket":3,"farmersdelight:sweet_berry_cookie":88,"minecraft:bread":53,"minecraft:air":0,"minecraft:white_wool":1,"minecraft:white_bed":4,"minecraft:torch":16,"iceandfire:armor_green_boots":1},"minecraft:killed_by":{"minecraft:piglin_brute":4,"hmag:zombie_girl":2,"born_in_chaos_v1:bone_imp_minion":1,"born_in_chaos_v1:corpse_fly":3,"realmrpg_demons:imp":1,"alexsmobs:crocodile":1,"minecraft:piglin":1,"minecraft:cave_spider":2,"iceandfire:ice_dragon":10,"minecraft:zombie":1,"born_in_chaos_v1:supreme_bonescaller_stage_2":1,"realmrpg_wyrms:red_wyrm":1,"iceandfire:fire_dragon":32,"minecraft:vex":5,"minecraft:husk":3,"minecraft:player":1,"born_in_chaos_v1:restless_spirit":1,"irons_spellbooks:summoned_skeleton":2,"minecraft:warden":5,"minecraft:skeleton":7,"born_in_chaos_v1:dread_hound":1,"born_in_chaos_v1:thornshell_crab":1},"minecraft:broken":{"minecraft:iron_boots":1,"minecraft:iron_chestplate":1,"minecraft:iron_leggings":1,"useless_sword:magmatic_sword":2,"minecraft:stone_pickaxe":1,"minecraft:iron_sword":1,"iceandfire:armor_silver_metal_chestplate":1,"iceandfire:armor_silver_metal_boots":1,"iceandfire:armor_silver_metal_leggings":1,"minecraft:wooden_pickaxe":1,"iceandfire:armor_silver_metal_helmet":1,"minecraft:shield":1,"minecraft:iron_pickaxe":1,"minecraft:iron_helmet":2},"minecraft:killed":{"alexsmobs:lobster":1,"minecraft:cave_spider":1,"born_in_chaos_v1:zombie_lumberjack":1,"born_in_chaos_v1:skeleton_demoman":1,"minecraft:spider":6,"realmrpg_demons:imp":1,"born_in_chaos_v1:baby_skeleton_minion":1,"hmag:ghastly_seeker":1,"minecraft:skeleton":11,"realmrpg_demons:chort":1,"minecraft:silverfish":3,"born_in_chaos_v1:supreme_bonescaller_stage_2":1,"irons_spellbooks:archevoker":1,"irons_spellbooks:summoned_skeleton":1,"minecraft:piglin_brute":2,"minecraft:piglin":7,"minecraft:pig":5,"alexsmobs:grizzly_bear":1,"born_in_chaos_v1:diamond_termite":5,"born_in_chaos_v1:bone_imp":4,"hmag:wither_ghost":2,"irons_spellbooks:necromancer":1,"minecraft:sheep":14,"minecraft:pillager":7,"minecraft:zombie":11,"born_in_chaos_v1:dread_hound":1,"born_in_chaos_v1:corpse_fly":15,"minecraft:ghast":1,"minecraft:stray":1,"born_in_chaos_v1:door_knight":2,"minecraft:cow":9,"alexsmobs:dropbear":1,"mca:male_zombie_villager":1,"born_in_chaos_v1:zombie_clown_not_despawn":2,"graveyard:revenant":2,"minecraft:vindicator":2,"hmag:drowned_girl":1,"born_in_chaos_v1:skeleton_thrasher_not_despawn":1,"born_in_chaos_v1:zombie_bruiser":2,"born_in_chaos_v1:firelight":2,"born_in_chaos_v1:maggot":4,"iceandfire:fire_dragon":4,"born_in_chaos_v1:fallen_chaos_knight":1,"minecraft:husk":2,"hmag:ghost":5,"born_in_chaos_v1:bone_imp_minion":20,"born_in_chaos_v1:baby_skeleton":1,"minecraft:ravager":1,"born_in_chaos_v1:decrepit_skeleton":1,"born_in_chaos_v1:bloody_gadfly":1},"minecraft:used":{"minecraft:beetroot":25,"minecraft:chest":2,"minecraft:shield":54,"minecraft:iron_sword":863,"minecraft:rotten_flesh":27,"useless_sword:molten_sword":46,"minecraft:carrot":9,"minecraft:snowball":16,"farmersdelight:sweet_berry_cookie":88,"born_in_chaos_v1:corpse_maggot":15,"minecraft:lava_bucket":1,"minecraft:lantern":2,"minecraft:bow":43,"minecraft:sweet_berries":123,"useless_sword:magma_sword":113,"minecraft:furnace":3,"minecraft:potato":41,"minecraft:dark_oak_stairs":1,"minecraft:diorite":24,"bloomingnature:fir_planks":90,"bloomingnature:fir_boat":7,"minecraft:oak_planks":66,"minecraft:stone_pickaxe":118,"minecraft:blackstone":84,"minecraft:wooden_pickaxe":39,"naturalist:duck_egg":1,"minecraft:golden_apple":1,"minecraft:stripped_mangrove_wood":1,"minecraft:mushroom_stew":5,"minecraft:crossbow":1,"minecraft:cyan_carpet":1,"minecraft:melon_slice":6,"minecraft:bread":60,"minecraft:cyan_bed":2,"minecraft:gravel":1,"minecraft:bone_meal":4,"minecraft:cobweb":4,"minecraft:trident":1,"iceandfire:silver_sword":162,"minecraft:torch":22,"minecraft:dirt":56,"minecraft:chainmail_chestplate":1,"minecraft:iron_axe":5,"tombstone:gift":6,"minecraft:cooked_beef":13,"minecraft:cobbled_deepslate":74,"minecraft:cooked_mutton":18,"minecraft:water_bucket":14,"iceandfire:fire_dragon_flesh":1,"minecraft:snow_block":1,"minecraft:baked_potato":36,"useless_sword:magmatic_sword":280,"born_in_chaos_v1:stimulating_decoction":2,"farmersdelight:onion":1,"minecraft:crafting_table":11,"minecraft:white_bed":10,"minecraft:cake":1,"useless_sword:amethyst_sword":333,"minecraft:diamond_pickaxe":1472,"minecraft:apple":20,"minecraft:cracked_polished_blackstone_bricks":1,"minecraft:iron_pickaxe":450,"tombstone:magic_scroll":1,"iceandfire:ash":1,"bloomingnature:chestnut_planks":37,"minecraft:cobblestone":201,"minecraft:turtle_helmet":1,"minecraft:cooked_porkchop":3,"minecraft:bucket":18,"minecraft:yellow_bed":1,"minecraft:pumpkin_pie":4,"minecraft:chainmail_leggings":2},"minecraft:picked_up":{"irons_spellbooks:scroll":1,"minecraft:wheat":20,"minecraft:enchanted_book":1,"tombstone:grave_key":2,"minecraft:amethyst_block":32,"minecraft:string":22,"minecraft:waxed_cut_copper_slab":4,"minecraft:raw_copper":33,"minecraft:iron_leggings":1,"irons_spellbooks:arcane_essence":6,"minecraft:gold_nugget":224,"minecraft:cobbled_deepslate":576,"minecraft:iron_pickaxe":3,"born_in_chaos_v1:stimulating_decoction":3,"iceandfire:dragonscales_red":6,"minecraft:iron_boots":1,"minecraft:tipped_arrow":4,"minecraft:stick":24,"apotheosis:gem":14,"born_in_chaos_v1:shattered_skull":1,"minecraft:torch":6,"born_in_chaos_v1:pileof_dark_metal":1,"minecraft:porkchop":8,"minecraft:pointed_dripstone":11,"tombstone:grave_dust":9,"minecraft:diorite":62,"bloomingnature:chestnut_log":17,"minecraft:rotten_flesh":35,"farmersdelight:onion":1,"iceandfire:fire_dragon_heart":5,"minecraft:iron_block":1,"minecraft:obsidian":6,"minecraft:iron_bars":2,"minecraft:snowball":50,"minecraft:cobblestone":333,"minecraft:magma_block":28,"minecraft:feather":2,"minecraft:cooked_beef":7,"born_in_chaos_v1:spiritual_dust":5,"minecraft:birch_slab":1,"minecraft:black_bed":1,"alexsmobs:bear_fur":2,"minecraft:potato":180,"minecraft:flint":1,"minecraft:tuff":2,"bloomingnature:fir_sapling":10,"minecraft:lapis_lazuli":58,"minecraft:dirt":100,"minecraft:lantern":3,"born_in_chaos_v1:monster_skin":1,"minecraft:bone":39,"minecraft:wheat_seeds":102,"farmersdelight:sweet_berry_cookie":5,"minecraft:glowstone_dust":1,"minecraft:oak_planks":67,"minecraft:ghast_tear":1,"irons_spellbooks:frozen_bone":81,"hmag:soul_powder":3,"minecraft:poisonous_potato":1,"iceandfire:dragon_skull_fire":3,"handcrafted:hammer":1,"minecraft:cyan_bed":2,"minecraft:lily_of_the_valley":7,"naturalist:duck_egg":1,"minecraft:dark_prismarine":3,"minecraft:iron_hoe":1,"born_in_chaos_v1:fire_dust":9,"minecraft:diamond":118,"iceandfire:dragon_ice":5,"minecraft:cracked_polished_blackstone_bricks":28,"minecraft:crossbow":2,"minecraft:granite":26,"minecraft:bone_meal":60,"minecraft:emerald":2,"minecraft:bread":27,"minecraft:netherrack":2,"minecraft:oak_sapling":18,"born_in_chaos_v1:rotten_fish":1,"irons_spellbooks:uncommon_ink":1,"minecraft:dark_oak_fence":3,"iceandfire:silver_nugget":16,"minecraft:crimson_roots":1,"minecraft:crafting_table":1,"born_in_chaos_v1:diamond_termite_shard":5,"minecraft:allium":5,"born_in_chaos_v1:river_mint":1,"minecraft:ladder":2,"minecraft:turtle_helmet":1,"born_in_chaos_v1:seedof_chaos":1,"ars_nouveau:blue_archwood_sapling":1,"iceandfire:frozen_cobblestone":6,"minecraft:shield":1,"minecraft:cornflower":2,"iceandfire:frozen_stone":10,"minecraft:iron_axe":1,"artifacts:feral_claws":1,"born_in_chaos_v1:intoxicating_decoction":2,"minecraft:item_frame":3,"minecraft:blackstone":92,"minecraft:cyan_carpet":23,"minecraft:cracked_stone_bricks":2,"minecraft:beef":9,"minecraft:spruce_slab":3,"minecraft:sugar_cane":5,"iceandfire:dragonscales_gray":12,"iceandfire:dragonbone":78,"minecraft:raw_iron":18,"ars_nouveau:purple_archwood_log":1,"minecraft:stripped_mangrove_wood":1,"iceandfire:dragonscales_green":36,"bloomingnature:fir_log":39,"minecraft:bowl":1,"minecraft:spruce_fence":4,"hmag:evil_arrow":8,"minecraft:stone_button":5,"born_in_chaos_v1:pieceofdarkmetal":4,"minecraft:carrot":20,"minecraft:redstone":4,"minecraft:dark_oak_planks":2,"iceandfire:dragon_skull_ice":2,"irons_spellbooks:evocation_rune":1,"useless_sword:magmatic_sword":1,"minecraft:arrow":31,"minecraft:pumpkin_pie":2,"vinery:white_grape_seeds":3,"minecraft:hay_block":23,"minecraft:stripped_dark_oak_wood":1,"minecraft:saddle":1,"minecraft:brick_stairs":1,"minecraft:mutton":10,"minecraft:white_wool":23,"minecraft:oxeye_daisy":2,"born_in_chaos_v1:corpse_maggot":23,"minecraft:glow_ink_sac":1,"minecraft:leather":12,"minecraft:filled_map":1,"blue_skies:moonstone":1,"minecraft:crimson_fungus":4,"bloomingnature:genisteae":2,"minecraft:oak_log":61,"minecraft:chainmail_chestplate":1,"minecraft:golden_boots":1,"minecraft:yellow_bed":1,"minecraft:gunpowder":1,"tombstone:gift":1,"minecraft:cooked_mutton":14,"minecraft:smooth_sandstone":1,"minecraft:red_carpet":2,"bloomingnature:foxglove_white":1,"minecraft:stone_bricks":4,"minecraft:gray_carpet":6,"minecraft:iron_ingot":1,"bloomingnature:chestnut_sapling":33,"minecraft:glass_bottle":1,"iceandfire:fire_dragon_flesh":12,"minecraft:dark_oak_stairs":2,"minecraft:book":48,"minecraft:sweet_berries":85,"iceandfire:ash":3,"born_in_chaos_v1:ethereal_spirit":1,"minecraft:dripstone_block":5,"minecraft:gravel":49,"ars_nouveau:bastion_pod":3,"born_in_chaos_v1:dark_rod":2,"minecraft:amethyst_shard":8,"minecraft:spruce_sapling":7,"minecraft:white_bed":6,"minecraft:spruce_log":1,"minecraft:spider_eye":4,"bloomingnature:fir_boat":6,"bloomingnature:fir_planks":5,"iceandfire:silver_sword":2,"iceandfire:ice_dragon_flesh":9,"minecraft:baked_potato":1,"tombstone:magic_scroll":1,"minecraft:black_wool":1,"minecraft:stripped_dark_oak_log":1,"minecraft:coal":14}},"DataVersion":3465}